id,name,acronym,domain,domain-definition,status,identified-from,review-link,description,description_reference,reference-link,plain-language_description,full-version-of-measure,image,image_alt
HRQoL001,Short Form Health Survey ,SF-36,Health-Related Quality of Life ,https://sahcoreoutcomes.com/definitions-for-the-asah-core-domains/#:~:text=Health%20Related%20Quality%20of%20Life,Identified,Andersen et al. (2019),https://doi.org/10.1007/s12028-018-0566-0,"""The SF36 is a short questionnaire with 36 items which measure eight multi-item variables: physical functioning (10 items), social functioning (two items), role limitations due to physical problems (four items),role limitations due to emotional problems (three items), mental health (five items), energy and vitality(four items), pain (two items), and general perception of health (five items).""","Jenkinson C, Coulter A, Wright L. Short form 36 (SF36) health survey questionnaire: normative data for adults of working age. JBritish Medical Journal 1993; 306.
",https://doi.org/10.1136/bmj.306.6890.1437,"SF-36 is a set of generic, coherent, and easily administered quality-of-life measures. These measures rely upon patient self-reporting and have been widely used.",https://www.rand.org/health/surveys/mos/36-item-short-form/survey-instrument.html,images/Short Form (36) Health Survey.png,
HRQoL002,Stroke-Specific Quality of Life Scale ,SS-QoL,Health-Related Quality of Life ,https://sahcoreoutcomes.com/definitions-for-the-asah-core-domains/#:~:text=Health%20Related%20Quality%20of%20Life,Identified,Nobels-Janssen et al. (2019),https://doi.org/10.1212/WNL.0000000000007618,"""The Stroke Specific Quality of Life Scale (SS-QoL) is a well known, standardised, disease specific measure to assess HRQoL after stroke that has been validated in patients with different types of stroke. The SS-QoL consists of 49 items in 12 domains and takes about 15 min to complete."" The 12 domains are self-care, mobility, upper extremity, language, vision, work, thinking, family roles, social roles, personality, mood, and energy. ","Post MWM, Boosman H, van Zandvoort MM, et alDevelopment and validation of a short version of the Stroke Specific Quality of Life ScaleJournal of Neurology, Neurosurgery & Psychiatry 2011;82:283-286.",https://doi.org/10.1136/jnnp.2009.196394,The SS-QOL assesses health-related quality of life specific to stroke survivors.,https://www.sralab.org/rehabilitation-measures/stroke-specific-quality-life-scale,images/Stroke-Specific Quality of Life Scale (SS-QoL).png,
HRQoL003,Stroke-Specific Quality of Life Scale (Short Version) ,SS-QoL-sv,Health-Related Quality of Life ,https://sahcoreoutcomes.com/definitions-for-the-asah-core-domains/#:~:text=Health%20Related%20Quality%20of%20Life,Identified,Nobels-Janssen et al. (2019),https://doi.org/10.1212/WNL.0000000000007618,The short version of the SS-QoL takes 1 question for each of the domains of the original instrument.,"Post MWM, Boosman H, van Zandvoort MM, et alDevelopment and validation of a short version of the Stroke Specific Quality of Life ScaleJournal of Neurology, Neurosurgery & Psychiatry 2011;82:283-286.",https://doi.org/10.1136/jnnp.2009.196394,A 12-item version of the Stroke Specific Quality of Life scale developed to reduce the burden of the full version. It collapses the 12 domains from the full version into two dimensions - 'physical' and 'psychosocial',https://www.researchgate.net/publication/46036516_Development_and_validation_of_a_short_version_of_the_Stroke_Specific_Quality_of_Life_Scale,images/Stroke-Specific Quality of Life Scale (Short Version) SS-QoL-sv.png,
HRQoL004,EuroQol 5D  ,EQ-5D,Health-Related Quality of Life ,https://sahcoreoutcomes.com/definitions-for-the-asah-core-domains/#:~:text=Health%20Related%20Quality%20of%20Life,Identified,Andersen et al. (2019),https://doi.org/10.1007/s12028-018-0566-0,"""The EQ-5D descriptive system is a preference-based HRQL measure with one question for each of the five dimensions that include mobility, self-care, usual activities, pain/discomfort, and anxiety/depression. The answers given to ED-5D permit to find 243 unique health states or can be converted into EQ- 5D index an utility scores anchored at 0 for death and 1 for perfect health. The EQ-5D questionnaire also includes a Visual Analog Scale (VAS), by which respondents can report their perceived health status with a grade ranging from 0 (the worst possible health status) to 100 (the best possible health status). Finally the specific utility (in clinical and research setting) of each one of them is discussed.""",“EuroQol-5D (EQ-5D): An Instrument for Measuring Quality of Life”. 2015. Monaldi Archives for Chest Disease 78 (3). https://doi.org/10.4081/monaldi.2012.121.,,"There are multiple versions of this measure. It was first introduced as a 3-item questionnaire. Later, a 5-item version was developed to reduce the ceiling effects encountered on the 3-item version and increase the sensitivity of the instrument. In the 5 level version there are five dimensions: mobility, self-care, usual activities, pain/discomfort and anxiety/depression. Each dimension itself has 5 levels: no problems, slight problems, moderate problems, severe problems and extreme problems. The respondent is asked to indicate his/her health state by ticking the box next to the most appropriate statement in each of the five dimensions. A second part of the instrument asks the respondent to rate their health from 0 - 100 by marking a cross on a line from ""the best health you can imagine"" to ""the worst health you can imagine"".",https://euroqol.org/register/obtain-eq-5d/eq-5d-sample-demos/,images/EuroQol 5D (EQ-5D) 3 level and 5 level versions.png,
HRQoL005,Health Utility Index ,HUI,Health-Related Quality of Life ,https://sahcoreoutcomes.com/definitions-for-the-asah-core-domains/#:~:text=Health%20Related%20Quality%20of%20Life,Identified,Nobels-Janssen et al. (2019),https://doi.org/10.1212/WNL.0000000000007618,"""HUI is a family of generic health profiles and preference-based systems for the purposes of measuring health status, reporting health-related quality of life, and producing utility scores...HUI evolved in response to the need for a standardized system to measure health status and HRQL to describe: 1) the experience of patients undergoing therapy; 2) long-term outcomes associated with disease or therapy; 3) the efficacy, effectiveness and efficiency of healthcare interventions; and 4) the health status of general populations.""","Horsman, John, et al. “The Health Utilities Index (HUI): Concepts, Measurement Properties and Applications.” Health and Quality of Life Outcomes [England], vol. 1, no. 1, October 2003, pp. 54–54, https://doi.org/10.1186/1477-7525-1-54.",,"The Health Utility Index (HUI) is a standardized system for measuring health-related quality of life, providing utility scores that reflect individual health status for use in clinical studies and economic evaluations. The HUI is a family of preference-based instruments designed to measure health-related quality of life (HRQoL) across multiple dimensions. The HUI-2 measures seven health attributes — sensation (vision, hearing, speech), mobility, emotion, cognition, self-care, pain, and fertility. The HUI-3 measures eight attributes — vision, hearing, speech, ambulation, dexterity, emotion, cognition, and pain. HUI3 is generally considered more sensitive and has wider adoption in clinical studies and population health surveys.Each attribute is categorized into levels representing varying degrees of functioning or impairment. These levels are combined mathematically using preference weights derived from population-based studies to generate an overall utility score betweeo 0 and 1. ",http://healthutilities.com/,images/Health Utility Index.png,
HRQoL006,Quality of Life after Brain Injury overall scale ,QOLIBRI-OS,Health-Related Quality of Life ,https://sahcoreoutcomes.com/definitions-for-the-asah-core-domains/#:~:text=Health%20Related%20Quality%20of%20Life,Identified,Nobels-Janssen et al. (2019),https://doi.org/10.1212/WNL.0000000000007618,"""The Quality of Life after Brain Injury (QOLIBRI) assessment is a recently developed descriptive system for HRQoL after TBI. The QOLIBRI was
created in response to the need for a comprehensive disease-specific measure for TBI, and was constructed simultaneously in six languages by an international multidisciplinary team. The process of development was guided by WHO concept of QoL, and a model proposed by von Steinbüchelet al. The final version of the QOLIBRI is a 37 item scale with six subscales covering areas of wellbeing and functioning that are typically affected by TBI, and a total score which provides a summary of
HRQoL. The areas include the domains ‘cognition’and ‘self ’ that are not contained in generic health status measures such as the Short-Form-36 (SF-36)""","von Steinbuechel N, Wilson L, Gibbons H, et alQOLIBRI Overall Scale: a brief index of health-related quality of life after traumatic brain injuryJournal of Neurology, Neurosurgery & Psychiatry 2012;83:1041-1047.",,"The Quality of Life after Brain injury (QOLIBRI) is an instrument specifically developed to assess the health-related quality of life (HRQoL) of individuals after a traumatic brain injury (TBI). It includes the person’s perspective on the condition of their health, their overall functioning and wellbeing. The QOLIBRI has 37 items associated with four scales (Cognition, Self, Daily Life and Autonomy, and Social Relationships). Items in Part A measure satisfaction with various aspects of HRQoL while Part B measures issues that individuals feel bothered by after TBI e.g. Feelings and Physical Problems.",https://qolibrinet.com/registration-for-use/,images/Quality of Life after Brain Injury overall scale (QOLIBRI-OS).png,
HRQoL007,Sickness Impact Profile ,SIP,Health-Related Quality of Life ,https://sahcoreoutcomes.com/definitions-for-the-asah-core-domains/#:~:text=Health%20Related%20Quality%20of%20Life,Identified,Andersen et al. (2019),https://doi.org/10.1007/s12028-018-0566-0,"""The Sickness Impact Profile (SIP) is a behaviorally based self-report measure. It is an instrument that is used to gauge sickness-related dysfunction. It contains 136 items that are divided into 12 categories. In
addition to category scores and the overall score, the instrument can be used to calculate a physical and a psychosocial dimension score.""","
  de Bruin, A. F., et al. “Sickness Impact Profile: The State of the Art of a Generic Functional Status Measure.” Social Science & Medicine (1982) [Oxford], vol. 35, no. 8, October 1992, pp. 1003–14, https://doi.org/10.1016/0277-9536(92)90240-Q.
",," The Sickness Impact Profile was developed to be broadly applicable across types and severities of illness, as well as across demographic and cultural subgroups. It was designed to evaluate various kinds of patient dysfunction in many different areas of activity. The SIP asks respondents to self-report the limitations of their activity. The respondent endorses statements that measure the activity that they actually perform that day, rather than what they believe they could perform. It can be adminsitered by an interviewer or self-reported. There are 136 questions across 12 categories. Scores are expressed as a percentage of dysfunction. ",https://www.mapi-trust.org/news-events/news/sickness-impact-profile-%28,images/Sickness Impact Profile (SIP).png,
HRQoL008,Visual Analogue Scale ,VAS,Health-Related Quality of Life ,https://sahcoreoutcomes.com/definitions-for-the-asah-core-domains/#:~:text=Health%20Related%20Quality%20of%20Life,Identified,Andersen et al. (2019),https://doi.org/10.1007/s12028-018-0566-0,"""A Visual Analogue Scale (VAS) is a measurement instrument that tries to measure a characteristic or attitude that is believed to range across a continuum of values and cannot easily be directly measured.For example, the amount of pain that a patient feels ranges across a continuum from none to an extreme amount of pain. From the patient's perspective this spectrum appears continuous ± their pain does not take discrete jumps, as a categorization of none, mild, moderate and severe would suggest. It was to capture this idea of an underlying continuum that the VAS was devised. Operationally a VAS is usually a horizontal line, 100 mm in length, anchored by word descriptors at each end. The patient marks on the line the point that they feel represents their perception of their current state. The VAS score is determined by measuring in millimetres from the left hand end of the line to the point that the patient marks.""","Crichton, Nicola. ""Visual analogue scale (VAS)."" J Clin Nurs 10.5 (2001): 706-6.",,,https://karger.com/ced/article-abstract/5/Suppl.%201/3/58532/Trial-Design-Issues-Endpoints-and-Sample-Size?redirectedFrom=fulltext,images/Visual Analogue Scale.png,
HRQoL009,Health Related Quality of Life 15D ,,Health-Related Quality of Life ,https://sahcoreoutcomes.com/definitions-for-the-asah-core-domains/#:~:text=Health%20Related%20Quality%20of%20Life,Identified,Andersen et al. (2019),https://doi.org/10.1007/s12028-018-0566-0,"""The 15D is a generic, comprehensive, 15-dimensional,standardized, self-administered measure of health-related quality of life (HRQoL) that can be used both as a profile and single index score measure... The present 15D questionnaire includes the follow-ing 15 dimensions: breathing, mental function, speech(communication), vision, mobility, usual activities, vitality, hearing, eating, elimination, sleeping, distress, discomfort and symptoms, sexual activity, and de-pression. Each dimension is divided into 5 levels, by which more or less of the attribute is distinguished.""","Sintonen, Harri. ""The 15D instrument of health-related quality of life: properties and applications."" Annals of medicine 33.5 (2001): 328-336.",,"The 15D is a generic, self-administered instrument for measuring Health-related Quality of Life among adults (age 16+ years). It measures HRQoL across 15 dimensions including mobility, vision, hearing, sleeping, eating, speaking, going to the toilet,  mental well-being, and other aspects of daily life and health. Respondents choose one of five responses on each dimension. Scoring the 15D creates a single index measure (0 to 1).",https://www.15d-instrument.net/site/assets/files/1002/15d_english.pdf,images/Health Related Quality of Life 15D.png,
HRQoL010,Satisfaction with Life Scale ,SWLS,Health-Related Quality of Life ,https://sahcoreoutcomes.com/definitions-for-the-asah-core-domains/#:~:text=Health%20Related%20Quality%20of%20Life,Identified,Andersen et al. (2019),https://doi.org/10.1007/s12028-018-0566-0,"""The Satisfaction With Life Scale (SWLS) was developed to assess satisfaction with the respondent's life as a whole. The scale does not assess satisfaction with life domains such as health or finances but allows Ss to integrate and weight these domains in whatever way they choose.""","Pavot, W., & Diener, E. (1993). Review of the Satisfaction With Life Scale. Psychological Assessment, 5(2), 164–172. https://doi.org/10.1037/1040-3590.5.2.164",,"The Satisfaction with Life Scale (SWLS) is a brief, 5-item self-report tool designed to measure global cognitive judgments of life satisfaction. Using a scale from 1 to 7 respondents indicate their agreement with five statements about their life. ",https://eddiener.com/wp-content/uploads/2024/09/SWLS-Scale.pdf,images/Satisfaction with Life Scale.png,
HRQoL012,Life Satisfaction Questionnaire ,LiSat-11,Health-Related Quality of Life ,https://sahcoreoutcomes.com/definitions-for-the-asah-core-domains/#:~:text=Health%20Related%20Quality%20of%20Life,Identified,Life Impact review,https://osf.io/xfjg6/overview,,,,"The Life Satisfaction Questionnaire (LISAT-9, LISAT-11) contains 9 or 11 statements about different aspects of life and asks the respondent to rate their satisfaction with each.  It targets important life domains: life as a whole, vocational situation, financial situation, leisure situation, contacts with friends, sexual life, self-care management, family life, and partner relationships. The LISAT-11 has 2 extra items asking about the level of satisfaction of the individual’s physical health and psychological health respectively.",https://scireproject.com/wp-content/uploads/2022/04/worksheet___lisat-9__11.pdf,images/Life Satisfaction Questionnaire (LiSat-11).png,
HRQoL013,Aachen Life Quality Inventory ,ALQI,Health-Related Quality of Life ,https://sahcoreoutcomes.com/definitions-for-the-asah-core-domains/#:~:text=Health%20Related%20Quality%20of%20Life,Identified,Life Impact review,https://osf.io/xfjg6/overview,,,,"The Aachen Life Quality Inventory is a pictorial adaptation of the Sickness Impact Profile (SIP) created to maximise aphasic patients' understanding of the verbal statements as well as to permit them to give nonverbal responses. Like the SIP the ALQI has 9 dimensions with 10 items each, but it adds two additional dimensions specific for aphasia and to explore neuropsychological complaints. The dimensions cover activity, movement, home management, social interaction, family relationship, ambulation, communication, leisure, self-support, plus cognition and language. A written version is also available. ",https://www.researchgate.net/publication/246427257_Quality_of_life_in_aphasia_Validation_of_a_pictorial_self-rating_procedure/download?_tp=eyJjb250ZXh0Ijp7ImZpcnN0UGFnZSI6Il9kaXJlY3QiLCJwYWdlIjoiX2RpcmVjdCJ9fQ,images/Aachen Life Quality Inventory.png,
HRQoL014,Disability-adjusted life years ,DALY,Health-Related Quality of Life ,https://sahcoreoutcomes.com/definitions-for-the-asah-core-domains/#:~:text=Health%20Related%20Quality%20of%20Life,Identified,Life Impact review,https://osf.io/xfjg6/overview,,,,"""The disability-adjusted life year (DALY) is a societal measure of the disease or disability burden in populations. It is calculated by combining measures of life expectancy as well as the adjusted quality of life during a burdensome disease or disability for a population.""",,images/Disability-adjusted life years.png,
HRQoL015,HSQuale,,Health-Related Quality of Life ,https://sahcoreoutcomes.com/definitions-for-the-asah-core-domains/#:~:text=Health%20Related%20Quality%20of%20Life,Identified,Life Impact review,https://osf.io/xfjg6/overview,,,,HSQuale is a 54-item instrument specifically designed to measure the quality of life (QOL) of young patients with hemorrhagic strokes. It was developed based on the content of 40 open-ended patient interviews and has been validated for use in patients aged 18 to 49 years. ,https://www.ahajournals.org/doi/epub/10.1161/01.STR.32.3.687,images/HSQuale.png,
HRQoL016,Patient-Reported Outcome Measurement Information System ,PROMIS,Health-Related Quality of Life ,https://sahcoreoutcomes.com/definitions-for-the-asah-core-domains/#:~:text=Health%20Related%20Quality%20of%20Life,Identified,Life Impact review,https://osf.io/xfjg6/overview,,,,"PROMIS® (Patient-Reported Outcomes Measurement Information System®) is a set of person-centered measures that evaluates and monitors physical, mental, and social health in adults and children. PROMIS measures are generic, rather than disease-specific, and can be used with the general population and with individuals living with chronic conditions.",https://www.promishealth.org/healthmeasures/,images/Patient-Reported Outcome Measurement Information System.png,
HRQoL017,Quality of Life in Neurological Disorders ,Neuro-QoL,Health-Related Quality of Life ,https://sahcoreoutcomes.com/definitions-for-the-asah-core-domains/#:~:text=Health%20Related%20Quality%20of%20Life,Identified,Life Impact review,https://osf.io/xfjg6/overview,"""Neuro-QoL is a set of self-report measures that assesses the health-related quality of life (HRQOL) of adults with neurological disorders. Neuro-QoL is comprised of item banks and scales that evaluate symptoms, concerns, and issues that are relevant across disorders (generic measures) along with instruments that assess areas most relevant for specific patient populations (targeted). The HRQOL domains included in Neuro-QoL were identified through several sources, including an extensive 
literature review, an on-line Request for Information (RFI), two phases of in-depth expert interviews (n=44 and n=89, respectively), patient and caregiver focus groups (N =11 groups) and individual interviews with patients and proxies (N = 63). On the basis of this input, 4 HRQOL domains and 17 sub-domains were chosen for adults. ",,,"Neuro-QoL is a standardized tool to evaluate the physical, mental, and social impacts of neurological conditions like stroke, epilepsy, or multiple sclerosis. It evaluates health-related quality of life (HRQL) as a self-report questionnaire available in multiple formats (paper, computerised, short forms). Each domain uses self-reported questions, such as “How often did you feel tired?” for symptoms, “How much difficulty did you have with walking?” for function, and “I felt left out” for social impact. Moreover, questions employ a 5-point Likert scale (1 = least, 5 = most) based on frequency or difficulty.",https://www.healthmeasures.net/explore-measurement-systems/neuro-qol,images/Quality of Life in Neurological Disorders.png,
HRQoL018,Time trade-off,,Health-Related Quality of Life ,https://sahcoreoutcomes.com/definitions-for-the-asah-core-domains/#:~:text=Health%20Related%20Quality%20of%20Life,Identified,Life Impact review,https://osf.io/xfjg6/overview,"Time trade-off (TTO) is used to measure the quality of life that a person experiencing. An individual will be presented with a set of directions such as:

Imagine that you are told that you have 10 years left to live. In connection with this you are also told that you can choose to live these 10 years in your current health state or that you can choose to give up some life years to live for a shorter period in full health. Indicate with a cross on the line the number of years in full health that you think is of equal value to 10 years in your current health state.

The answer given by the individual shows how many years in the current health state they would be willing to 'trade off', in order to regain full health. ",Time trade-off - Wikipedia,,,,images/Time trade-off.png,
HRQoL019,Willingness to pay,,Health-Related Quality of Life ,https://sahcoreoutcomes.com/definitions-for-the-asah-core-domains/#:~:text=Health%20Related%20Quality%20of%20Life,Identified,Life Impact review,https://osf.io/xfjg6/overview,"""In health-related analyses, a willingness-to-pay threshold represents an estimate of what a consumer of health care might be prepared to pay for the health benefit – given other competing demands on that consumer’s resources."" ",Bulletin of the World Health Organization,,"""Willingness to pay determines how much a patient would pay for a hypothetical cure for all of their health problems""",,images/Willingness to pay.png,
HRQoL020,Questionnaire for the screening of symptoms in aneurysmal subarachnoid hemorrhage ,SOS-SAH,Health-Related Quality of Life ,https://sahcoreoutcomes.com/definitions-for-the-asah-core-domains/#:~:text=Health%20Related%20Quality%20of%20Life,Identified,Life Impact review,https://osf.io/xfjg6/overview,,,,"The Questionnaire for the Screening of Symptoms in Aneurysmal Subarachnoid Hemorrhage (SOS-SAH) is a disease-specific patient-reported outcome measure designed to identify symptoms that commonly persist after recovery from an aneurysmal subarachnoid hemorrhage (aSAH). It was developed because many patients who appear to have made a good physical recovery continue to experience ""invisible"" symptoms such as fatigue, cognitive problems, mood changes, and participation difficulties that may otherwise go undetected during routine follow-up visits.",https://pmc.ncbi.nlm.nih.gov/articles/PMC8051103/,images/Questionnaire for the screening of symptoms in aneurysmal subarachnoid hemorrhage.png,
HRQoL021,Subarachnoid Haemorrhage Outcome Tools ,SAHOT,Health-Related Quality of Life ,https://sahcoreoutcomes.com/definitions-for-the-asah-core-domains/#:~:text=Health%20Related%20Quality%20of%20Life,Identified,Life Impact review,https://osf.io/xfjg6/overview,"The Subarachnoid Haemorrhage Outcome Tool (SAHOT) is a disease-specific patient-centered outcome measure developed to assess functional recovery following subarachnoid haemorrhage. The 56-item instrument evaluates cognitive, physical, behavioral, and psychological consequences of SAH and provides a comprehensive assessment of the impact of the condition on everyday functioning and quality of life.",https://academic.oup.com/brain/article/141/4/1111/4833565?login=true,,,https://oup.silverchair-cdn.com/oup/backfile/Content_public/Journal/brain/141/4/10.1093_brain_awy003/5/awy003_supp.pdf?Expires=1791569309&Signature=cKv5hDM4bcerakmp4a~P3gGuLN38IxRp94Bv3~~fyjtCoEj6qM8gwr6SjzDLSpYGeoSAc7f1ofH~6XI2zS3VMPaRb8LVFkKfk16ZbnYbcVBtd9GrXVlnT90DmE7HGBf8VFqmlevQHJaZ~B3Bh9IdA-KrrRWqMq5JUUqG0YID-Yv6P8Zdn6pGtI5K-tiJLSklNawuUMfn~3~pkUlvY0PLwGf72~sCSXW-WrWIhi3wALBchZ-gbVoqXNNM3M2DTxfeIbWtraTXEMLI3SH4gWmk4KZnvxpi7HRv34Og0bn-s9JRaMNsEfp4i8nece-RI3vPGciLHYkPPEucUd6UTf2CWw__&Key-Pair-Id=APKAIE5G5CRDK6RD3PGA,images/Subarachnoid Haemorrhage Outcome Tools.png,
HRQoL022,Standard Gamble,SG,Health-Related Quality of Life ,https://sahcoreoutcomes.com/definitions-for-the-asah-core-domains/#:~:text=Health%20Related%20Quality%20of%20Life,Identified,Life Impact review,https://osf.io/xfjg6/overview,"The standard gamble (SG) method is often regarded as the most appropriate for the elicitation of utility, at least when risk is involved in decisions. This is because it follows the axioms of von Neumann & Morgenstern’s (1944) expected utility theory, which is commonly thought of as being the appropriate normative model for decision making under uncertainty. The SG method usually involves asking a person to choose between a certain option (where the person remains in Health State A for ‘X’ years), and a risky option (where the person either lives in full health for ‘X’ years or dies immediately). The probability of immediate death is altered until the point of indifference is identified (i.e. where the respondent values both options equally). If the point of indifference is identified when the probability of survival is, e.g. 75%, then this would imply that the individual values Health State A as 75% of full health. Both options would then give the same expected value of quality-adjusted life years (QALYs), e.g. 7.5 QALYs if ‘X’ was 10 years, and the utility of Health State A would be 0.75. The SG method has limitations in that it relies on the respondent being able to interpret complex probabilities, and also assumes that there are no biases towards ‘certain’ outcomes.",https://www.ahajournals.org/doi/10.1161/01.STR.0000152950.46598.f1,,"The Standard Gamble (SG) is a preference-based method used to measure how individuals value a particular health state when faced with uncertainty. It is widely used in health economics, quality-of-life research, and decision analysis to estimate health utilities, which quantify the desirability of a health condition on a scale from 0 (death) to 1 (perfect health).",,images/Standard Gamble.png,
HRQoL023,Brain Injury Community Rehabilitation Outcome-39 ,BICRO-39,Health-Related Quality of Life ,https://sahcoreoutcomes.com/definitions-for-the-asah-core-domains/#:~:text=Health%20Related%20Quality%20of%20Life,Identified,Life Impact review,https://osf.io/xfjg6/overview,"""The brain injury community rehabilitation outcome-39 (BICRO-39) scales measure the impact of brain injury on domestic,social, and psychological functioning in patients living in the community and have been validated in a sample of 240 patients with brain injury of mixed aetiologies. Respondents rate their current levels of independence and frequency of engagement in various aspects of social functioning, as well as aspects of psychological wellbeing that overlap with but are not identical with anxiety and depression.""","Psychosocial outcomes at three and nine months after good neurological recovery from aneurysmal subarachnoid haemorrhage: predictors and prognosis | Journal of Neurology, Neurosurgery & Psychiatry",,"The Brain Injury Community Rehabilitation Outcome-39 (BICRO-39) is a self-report and/or caregiver-report questionnaire designed to measure how well an individual functions in the community following an acquired brain injury, particularly traumatic brain injury (TBI). It assesses participation in everyday life, social functioning, independence, and psychological well-being, making it particularly useful for evaluating rehabilitation outcomes.",https://doi.org/10.1016/S0003-9993(98)90265-9,images/Brain Injury Community Rehabilitation Outcome-39.png,
HRQoL024,RAND-36 Measure of Health-Related Quality of Life,RAND-36,Health-Related Quality of Life ,https://sahcoreoutcomes.com/definitions-for-the-asah-core-domains/#:~:text=Health%20Related%20Quality%20of%20Life,Identified,Life Impact review,https://osf.io/xfjg6/overview,"""RAND-36 was chosen because it is one of the most used general health questionnaires, includes more domains than EQ-5D-5L, and has well-established psychometric properties (except responsiveness) in patients with stroke [23]""","Nobels-Janssen, E., Postma, E.N., Abma, I.L. et al. Validity of the modified Rankin Scale in patients with aneurysmal subarachnoid hemorrhage: a randomized study. BMC Neurol 24, 23 (2024). https://doi.org/10.1186/s12883-023-03479-x",,"""The RAND-36 is perhaps the most widely used health-related quality of life (HRQoL) survey instrument in the world today. It is comprised of 36 items that assess eight health concepts: physical functioning, role limitations caused by physical health problems, role limitations caused by emotional problems, social functioning, emotional well-being, energy/fatigue, pain, and general health perceptions.""",https://www.rand.org/pubs/reprints/RP971.html,images/RAND-36 Measure of Health-Related Quality of Life.png,
HRQoL025,General Health Questionnaire ,GHQ-30,Health-Related Quality of Life ,https://sahcoreoutcomes.com/definitions-for-the-asah-core-domains/#:~:text=Health%20Related%20Quality%20of%20Life,Identified,Life Impact review,https://osf.io/xfjg6/overview,"""The 30-item version of the General Health Questionnaire (GHQ-30) is widely used in health outcome studies and excludes physical health-related items present in the 60-item version (6). ""","Morris, P., Wilson, J. T., & Dunn, L. (2004). Anxiety and Depression after Spontaneous Subarachnoid Hemorrhage. Neurosurgery, 54(1), 47–54. https://doi.org/10.1227/01.NEU.0000097198.94828.E1",,"""The General Health Questionnaire-30 (GHQ-30) is a self-report screening instrument used to identify individuals who may be experiencing psychological distress, emotional difficulties, or minor psychiatric disorders. It is one of several versions of the General Health Questionnaire (GHQ) and is widely used in clinical practice, research, occupational health, and community settings.""",https://2007study.sphsu.mrc.ac.uk/W1-30-R-and-L-GHQ_2012_08.pdf,images/General Health Questionnaire.png,
